﻿Designator,Footprint,Quantity,Value,LCSC Part #
"AZ-A4988, EL-A4988",Pololu_Breakout-16_15.2x20.3mm,2,Pololu_Breakout_A4988,
BZ1,Buzzer_12x9.5RM7.6,1,Buzzer,
C1,CP_Radial_D8.0mm_P5.00mm,1,100uF,
J1,PinHeader_2x20_P2.54mm_Vertical,1,Raspberry_Pi_2_3,
J3,PinHeader_1x05_P2.54mm_Vertical,1,GY-271,
J4,JST_EH_B4B-EH-A_1x04_P2.50mm_Vertical,1,AZ Motor,
J5,JST_EH_B4B-EH-A_1x04_P2.50mm_Vertical,1,EL Motor,
J6,SolderWirePad_1x01_SMD_5x10mm,1,12v BAT +,
J7,SolderWirePad_1x01_SMD_5x10mm,1,12v BAT -,
J8,JST_EH_B2B-EH-A_1x02_P2.50mm_Vertical,1,EL endstop,
U1,TO-220-3_Vertical,1,L7805,
